<?xml version="1.0" encoding="UTF-8"?>
<beans xmlns="http://www.springframework.org/schema/beans"
	xmlns:xsi="http://www.w3.org/2001/XMLSchema-instance"
	xmlns:context="http://www.springframework.org/schema/context"
	xmlns:mvc="http://www.springframework.org/schema/mvc"
	xsi:schemaLocation="http://www.springframework.org/schema/mvc http://www.springframework.org/schema/mvc/spring-mvc-4.3.xsd
		http://www.springframework.org/schema/beans http://www.springframework.org/schema/beans/spring-beans.xsd
		http://www.springframework.org/schema/context http://www.springframework.org/schema/context/spring-context-4.3.xsd">
	
	<context:component-scan base-package="com.bankapp.web"/>
	
	<bean id="messageSource"
		class="org.springframework.context.support.ReloadableResourceBundleMessageSource">
		<property name="basename" value="classpath:validation" />
	</bean>

	<bean id="validatorFactoryBean"
		class="org.springframework.validation.beanvalidation.LocalValidatorFactoryBean">
		<property name="validationMessageSource" ref="messageSource" />
	</bean>
	
	<bean class="org.springframework.web.servlet.view.InternalResourceViewResolver">
		<property name="prefix" value="/WEB-INF/views/"/>
		<property name="suffix" value=".jsp"/>
	</bean>
	<mvc:annotation-driven/>
	
	<!-- <mvc:interceptors>
	<bean class="org.springframework.web.servlet.i18n.LocaleChangeInterceptor" />
		<mvc:interceptor>
			<mvc:mapping path="/*"/>
			<mvc:exclude-mapping path="/index"/>
			<mvc:exclude-mapping path="/"/>
			<bean class="com.bankapp.interceptors.SecurityInterceptor"></bean>
		</mvc:interceptor>
	</mvc:interceptors> -->

</beans>